,Unnamed: 0,Date,ContestNumber,Word,ReportedResults,NumberInHardMode,1Try,2Tries,3Tries,4Tries,5Tries,6Tries,7Tries,containsA,containsa,containsb,containsc,containsd,containse,containsf,containsg,containsh,containsi,containsj,containsk,containsl,containsm,containsn,containso,containsp,containsq,containsr,containss,containst,containsu,containsv,containsw,containsx,containsy,containsz,NewWordProb
0,1,2022-12-31 00:00:00,560,manly,20380,1899,0,2,17,37,29,12,2,True,True,False,False,False,False,False,False,False,False,False,False,True,True,True,False,False,False,False,False,False,False,False,False,False,True,False,3.66
1,2,2022-12-30 00:00:00,559,molar,21204,1973,0,4,21,38,26,9,1,True,True,False,False,False,False,False,False,False,False,False,False,True,True,False,True,False,False,True,False,False,False,False,False,False,False,False,2.99
2,3,2022-12-29 00:00:00,558,havoc,20001,1919,0,2,16,38,30,12,2,True,True,False,True,False,False,False,False,True,False,False,False,False,False,False,True,False,False,False,False,False,False,True,False,False,False,False,3.5
3,4,2022-12-28 00:00:00,557,impel,20160,1937,0,3,21,40,25,9,1,False,False,False,False,False,True,False,False,False,True,False,False,True,True,False,False,True,False,False,False,False,False,False,False,False,False,False,2.36
4,5,2022-12-27 00:00:00,556,condo,20879,2012,0,2,17,35,29,14,3,False,False,False,True,True,False,False,False,False,False,False,False,False,False,True,True,False,False,False,False,False,False,False,False,False,False,False,3.63
5,6,2022-12-26 00:00:00,555,judge,20011,2043,0,2,8,16,26,33,14,False,False,False,False,True,True,False,True,False,False,True,False,False,False,False,False,False,False,False,False,False,True,False,False,False,False,False,4.95
6,7,2022-12-25 00:00:00,554,extra,15554,1562,1,5,20,35,28,10,1,True,True,False,False,False,True,False,False,False,False,False,False,False,False,False,False,False,False,True,False,True,False,False,False,True,False,False,4.98
7,8,2022-12-24 00:00:00,553,poise,20281,1911,2,11,34,32,15,6,1,False,False,False,False,False,True,False,False,False,True,False,False,False,False,False,True,True,False,False,True,False,False,False,False,False,False,False,3.04
8,9,2022-12-23 00:00:00,552,aorta,21937,2112,0,7,26,35,20,10,3,True,True,False,False,False,False,False,False,False,False,False,False,False,False,False,True,False,False,True,False,True,False,False,False,False,False,False,2.92
9,10,2022-12-22 00:00:00,551,excel,20490,2034,0,1,13,34,34,15,2,False,False,False,True,False,True,False,False,False,False,False,False,True,False,False,False,False,False,False,False,False,False,False,False,True,False,False,3.73
10,11,2022-12-21 00:00:00,550,lunar,22180,2036,0,5,32,40,17,4,0,True,True,False,False,False,False,False,False,False,False,False,False,True,False,True,False,False,False,True,False,False,True,False,False,False,False,False,3.77
11,12,2022-12-20 00:00:00,549,third,24137,2261,1,10,47,32,9,2,0,False,False,False,False,True,False,False,False,True,True,False,False,False,False,False,False,False,False,True,False,True,False,False,False,False,False,False,5.32
12,13,2022-12-19 00:00:00,548,slate,26010,2422,6,14,33,27,13,5,1,True,True,False,False,False,True,False,False,False,False,False,False,True,False,False,False,False,False,False,True,True,False,False,False,False,False,False,3.82
13,14,2022-12-18 00:00:00,547,taper,22166,2108,0,8,28,30,20,11,3,True,True,False,False,False,True,False,False,False,False,False,False,False,False,False,False,True,False,True,False,True,False,False,False,False,False,False,3.3
14,15,2022-12-17 00:00:00,546,chord,22336,2088,0,7,39,38,13,3,0,False,False,False,True,True,False,False,False,True,False,False,False,False,False,False,True,False,False,True,False,False,False,False,False,False,False,False,3.65
15,16,2022-12-16 00:00:00,545,probe,22853,2160,0,6,24,32,24,11,3,False,False,True,False,False,True,False,False,False,False,False,False,False,False,False,True,True,False,True,False,False,False,False,False,False,False,False,3.99
16,17,2022-12-15 00:00:00,544,rival,22176,2127,0,7,27,35,22,8,1,True,True,False,False,False,False,False,False,False,True,False,False,True,False,False,False,False,False,True,False,False,False,True,False,False,False,False,4.18
17,18,2022-12-14 00:00:00,543,usual,20824,2048,0,3,20,39,27,10,1,True,True,False,False,False,False,False,False,False,False,False,False,True,False,False,False,False,False,False,True,False,True,False,False,False,False,False,4.62
18,19,2022-12-13 00:00:00,542,spoke,24101,2224,0,6,31,38,19,5,0,False,False,False,False,False,True,False,False,False,False,False,True,False,False,False,True,True,False,False,True,False,False,False,False,False,False,False,4.61
19,20,2022-12-12 00:00:00,541,apply,22873,2150,0,5,28,38,22,7,1,True,True,False,False,False,False,False,False,False,False,False,False,True,False,False,False,True,False,False,False,False,False,False,False,False,True,False,4.81
20,21,2022-12-11 00:00:00,540,naive,21947,2075,1,7,24,32,24,11,1,True,True,False,False,False,True,False,False,False,False,False,False,False,False,True,False,False,False,False,False,False,False,True,False,False,False,False,3.75
21,22,2022-12-10 00:00:00,539,knock,21157,2041,0,3,18,43,27,8,1,False,False,False,True,False,False,False,False,False,False,False,True,False,False,True,True,False,False,False,False,False,False,False,False,False,False,False,4.35
22,23,2022-12-09 00:00:00,538,braid,23640,2165,0,10,36,35,14,3,0,True,True,True,False,True,False,False,False,False,True,False,False,False,False,False,False,False,False,True,False,False,False,False,False,False,False,False,3.24
23,24,2022-12-08 00:00:00,537,infer,21199,1863,0,3,19,33,26,14,3,False,False,False,False,False,True,True,False,False,True,False,False,False,False,True,False,False,False,True,False,False,False,False,False,False,False,False,3.16
24,25,2022-12-07 00:00:00,536,joust,24899,2388,0,6,29,34,21,8,2,False,False,False,False,False,False,False,False,False,False,True,False,False,False,False,True,False,False,False,True,True,True,False,False,False,False,False,2.47
25,26,2022-12-06 00:00:00,535,amber,23509,2261,0,6,22,33,24,12,3,True,True,True,False,False,True,False,False,False,False,False,False,False,True,False,False,False,False,True,False,False,False,False,False,False,False,False,3.97
26,27,2022-12-05 00:00:00,534,woken,23153,2200,0,2,10,25,36,23,4,False,False,False,False,False,True,False,False,False,False,False,True,False,False,True,True,False,False,False,False,False,False,False,True,False,False,False,3.37
27,28,2022-12-04 00:00:00,533,adore,25577,2398,2,17,32,29,15,5,1,True,True,False,False,True,True,False,False,False,False,False,False,False,False,False,True,False,False,True,False,False,False,False,False,False,False,False,3.7
28,29,2022-12-03 00:00:00,532,torso,23873,2260,0,4,35,36,17,6,1,False,False,False,False,False,False,False,False,False,False,False,False,False,False,False,True,False,False,True,True,True,False,False,False,False,False,False,3.41
29,30,2022-12-02 00:00:00,531,chafe,24646,2343,0,6,30,33,19,9,2,True,True,False,True,False,True,True,False,True,False,False,False,False,False,False,False,False,False,False,False,False,False,False,False,False,False,False,2.4
30,31,2022-12-01 00:00:00,530,eject,22628,2200,0,2,11,35,36,14,2,False,False,False,True,False,True,False,False,False,False,True,False,False,False,False,False,False,False,False,False,True,False,False,False,False,False,False,2.99
31,33,2022-11-29 00:00:00,528,undue,23739,2316,0,3,19,35,29,13,2,False,False,False,False,True,True,False,False,False,False,False,False,False,False,True,False,False,False,False,False,False,True,False,False,False,False,False,3.29
32,34,2022-11-28 00:00:00,527,tepid,26051,2484,0,10,38,35,13,3,0,False,False,False,False,True,True,False,False,False,True,False,False,False,False,False,False,True,False,False,False,True,False,False,False,False,False,False,2.71
33,35,2022-11-27 00:00:00,526,happy,25206,2356,0,6,28,39,19,6,1,True,True,False,False,False,False,False,False,True,False,False,False,False,False,False,False,True,False,False,False,False,False,False,False,False,True,False,5.35
34,36,2022-11-26 00:00:00,525,clean,26381,2424,1,17,36,31,12,3,0,False,False,False,True,False,True,False,False,False,False,False,False,True,False,True,False,False,False,False,False,False,False,False,False,False,False,False,4.97
35,37,2022-11-25 00:00:00,524,itchy,24197,2329,0,8,28,40,18,5,1,False,False,False,True,False,False,False,False,True,True,False,False,False,False,False,False,False,False,False,False,True,False,False,False,False,True,False,3.34
36,38,2022-11-24 00:00:00,523,feast,27705,2725,5,13,25,27,19,10,2,True,True,False,False,False,True,True,False,False,False,False,False,False,False,False,False,False,False,False,True,True,False,False,False,False,False,False,3.95
37,39,2022-11-23 00:00:00,522,drive,26663,2451,1,12,32,30,18,6,1,False,False,False,False,True,True,False,False,False,True,False,False,False,False,False,False,False,False,True,False,False,False,True,False,False,False,False,5.13
38,40,2022-11-22 00:00:00,521,prime,27437,2534,1,10,26,32,21,9,1,False,False,False,False,False,True,False,False,False,True,False,False,False,True,False,False,True,False,True,False,False,False,False,False,False,False,False,4.81
39,41,2022-11-21 00:00:00,520,axiom,24288,2382,0,5,19,33,27,13,3,True,True,False,False,False,False,False,False,False,True,False,False,False,True,False,True,False,False,False,False,False,False,False,False,True,False,False,3.02
40,42,2022-11-20 00:00:00,519,brave,24991,2396,1,6,17,27,27,18,5,True,True,True,False,False,True,False,False,False,False,False,False,False,False,False,False,False,False,True,False,False,False,True,False,False,False,False,4.33
41,43,2022-11-19 00:00:00,518,avert,24749,2400,0,7,26,35,22,9,1,True,True,False,False,False,True,False,False,False,False,False,False,False,False,False,False,False,False,True,False,True,False,True,False,False,False,False,3.14
42,44,2022-11-18 00:00:00,517,glyph,29208,2899,0,2,23,49,20,5,1,False,False,False,False,False,False,False,True,True,False,False,False,True,False,False,False,True,False,False,False,False,False,False,False,False,True,False,2.7
43,45,2022-11-17 00:00:00,516,there,27465,2530,0,14,35,33,14,4,0,False,False,False,False,False,True,False,False,True,False,False,False,False,False,False,False,False,False,True,False,True,False,False,False,False,False,False,6.31
44,46,2022-11-16 00:00:00,515,baker,25576,2541,0,5,16,23,24,22,10,True,True,True,False,False,True,False,False,False,False,False,True,False,False,False,False,False,False,True,False,False,False,False,False,False,False,False,4.23
45,47,2022-11-15 00:00:00,514,snarl,27475,2650,0,5,21,31,24,15,4,True,True,False,False,False,False,False,False,False,False,False,False,True,False,True,False,False,False,True,True,False,False,False,False,False,False,False,2.62
46,48,2022-11-14 00:00:00,513,maple,26536,2467,1,6,26,36,21,8,1,True,True,False,False,False,True,False,False,False,False,False,False,True,True,False,False,True,False,False,False,False,False,False,False,False,False,False,3.86
47,49,2022-11-13 00:00:00,512,inane,25085,2515,0,8,25,30,21,13,3,True,True,False,False,False,True,False,False,False,True,False,False,False,False,True,False,False,False,False,False,False,False,False,False,False,False,False,2.7
48,50,2022-11-12 00:00:00,511,valet,24660,2356,0,4,22,38,25,9,1,True,True,False,False,False,True,False,False,False,False,False,False,True,False,False,False,False,False,False,False,True,False,True,False,False,False,False,3.17
49,51,2022-11-11 00:00:00,510,medal,25993,2438,0,5,25,38,23,8,1,True,True,False,False,True,True,False,False,False,False,False,False,True,True,False,False,False,False,False,False,False,False,False,False,False,False,False,4.39
50,52,2022-11-10 00:00:00,509,unite,27467,2575,1,11,31,33,18,5,1,False,False,False,False,False,True,False,False,False,True,False,False,False,False,True,False,False,False,False,False,True,True,False,False,False,False,False,3.9
51,53,2022-11-09 00:00:00,508,rainy,28984,2678,1,16,38,31,11,3,1,True,True,False,False,False,False,False,False,False,True,False,False,False,False,True,False,False,False,True,False,False,False,False,False,False,True,False,3.74
52,54,2022-11-08 00:00:00,507,spell,27213,2531,0,4,24,37,24,9,1,False,False,False,False,False,True,False,False,False,False,False,False,True,False,False,False,True,False,False,True,False,False,False,False,False,False,False,4.37
53,55,2022-11-07 00:00:00,506,begin,26096,2439,0,6,26,36,23,7,1,False,False,True,False,False,True,False,True,False,True,False,False,False,False,True,False,False,False,False,False,False,False,False,False,False,False,False,4.84
54,56,2022-11-06 00:00:00,505,stale,31068,3013,2,19,30,27,15,6,2,True,True,False,False,False,True,False,False,False,False,False,False,True,False,False,False,False,False,False,True,True,False,False,False,False,False,False,3.43
55,57,2022-11-05 00:00:00,504,dream,29743,2751,5,14,31,29,15,4,1,True,True,False,False,True,True,False,False,False,False,False,False,False,True,False,False,False,False,True,False,False,False,False,False,False,False,False,4.91
56,58,2022-11-04 00:00:00,503,photo,27330,2565,0,5,34,43,15,3,0,False,False,False,False,False,False,False,False,True,False,False,False,False,False,False,True,True,False,False,False,True,False,False,False,False,False,False,4.97
57,59,2022-11-03 00:00:00,502,aloud,29554,2819,1,18,31,30,15,4,1,True,True,False,False,True,False,False,False,False,False,False,False,True,False,False,True,False,False,False,False,False,True,False,False,False,False,False,3.51
58,60,2022-11-02 00:00:00,501,inept,27670,2640,0,6,30,39,20,6,1,False,False,False,False,False,True,False,False,False,True,False,False,False,False,True,False,True,False,False,False,True,False,False,False,False,False,False,3.13
59,61,2022-11-01 00:00:00,500,piney,27502,3667,0,1,14,37,33,14,2,False,False,False,False,False,True,False,False,False,True,False,False,False,False,True,False,True,False,False,False,False,False,False,False,False,True,False,2.48
60,62,2022-10-31 00:00:00,499,aptly,26498,2572,0,3,26,41,23,7,1,True,True,False,False,False,False,False,False,False,False,False,False,True,False,False,False,True,False,False,False,True,False,False,False,False,True,False,3.12
61,63,2022-10-30 00:00:00,498,waltz,24672,2496,0,2,11,29,35,19,3,True,True,False,False,False,False,False,False,False,False,False,False,True,False,False,False,False,False,False,False,True,False,False,True,False,False,True,3.38
62,64,2022-10-29 00:00:00,497,libel,25156,2536,0,3,15,32,32,16,2,False,False,True,False,False,True,False,False,False,True,False,False,True,False,False,False,False,False,False,False,False,False,False,False,False,False,False,3.34
63,65,2022-10-28 00:00:00,496,sneak,27905,2636,0,7,28,36,21,7,1,True,True,False,False,False,True,False,False,False,False,False,True,False,False,True,False,False,False,False,True,False,False,False,False,False,False,False,3.99
64,66,2022-10-27 00:00:00,495,carry,27609,2615,0,4,22,35,24,12,3,True,True,False,True,False,False,False,False,False,False,False,False,False,False,False,False,False,False,True,False,False,False,False,False,False,True,False,4.89
65,67,2022-10-26 00:00:00,494,flout,30063,2904,0,6,28,37,21,7,1,False,False,False,False,False,False,True,False,False,False,False,False,True,False,False,True,False,False,False,False,True,True,False,False,False,False,False,2.25
66,68,2022-10-25 00:00:00,493,foggy,28953,2817,0,2,13,35,32,15,3,False,False,False,False,False,False,True,True,False,False,False,False,False,False,False,True,False,False,False,False,False,False,False,False,False,True,False,3.19
67,69,2022-10-24 00:00:00,492,fault,28947,2768,0,7,27,35,22,8,1,True,True,False,False,False,False,True,False,False,False,False,False,True,False,False,False,False,False,False,False,True,True,False,False,False,False,False,4.64
68,70,2022-10-23 00:00:00,491,mummy,29279,3021,0,1,4,14,27,37,18,False,False,False,False,False,False,False,False,False,False,False,False,False,True,False,False,False,False,False,False,False,True,False,False,False,True,False,3.57
69,71,2022-10-22 00:00:00,490,spiel,29084,2810,0,7,32,36,19,6,1,False,False,False,False,False,True,False,False,False,True,False,False,True,False,False,False,True,False,False,True,False,False,False,False,False,False,False,2.66
70,72,2022-10-21 00:00:00,489,grove,28637,2794,0,4,18,30,28,17,3,False,False,False,False,False,True,False,True,False,False,False,False,False,False,False,True,False,False,True,False,False,False,True,False,False,False,False,3.94
71,73,2022-10-20 00:00:00,488,denim,28741,2769,0,5,29,40,20,5,0,False,False,False,False,True,True,False,False,False,True,False,False,False,True,True,False,False,False,False,False,False,False,False,False,False,False,False,3.52
72,74,2022-10-19 00:00:00,487,quirk,28322,2794,0,3,23,39,24,9,2,False,False,False,False,False,False,False,False,False,True,False,True,False,False,False,False,False,True,True,False,False,True,False,False,False,False,False,3.13
73,75,2022-10-18 00:00:00,486,exist,28612,2805,0,5,24,38,23,8,1,False,False,False,False,False,True,False,False,False,True,False,False,False,False,False,False,False,False,False,True,True,False,False,False,True,False,False,4.73
74,76,2022-10-17 00:00:00,485,stein,31269,2965,1,12,34,32,16,5,1,False,False,False,False,False,True,False,False,False,True,False,False,False,False,True,False,False,False,False,True,True,False,False,False,False,False,False,3.65
75,77,2022-10-16 00:00:00,484,spade,30459,2854,1,8,29,36,19,6,1,True,True,False,False,True,True,False,False,False,False,False,False,False,False,False,False,True,False,False,True,False,False,False,False,False,False,False,3.33
76,78,2022-10-15 00:00:00,483,catch,30403,3123,0,7,18,20,15,16,23,True,True,False,True,False,False,False,False,True,False,False,False,False,False,False,False,False,False,False,False,True,False,False,False,False,False,False,4.87
77,79,2022-10-14 00:00:00,482,floor,28906,2752,0,3,23,44,24,6,0,False,False,False,False,False,False,True,False,False,False,False,False,True,False,False,True,False,False,True,False,False,False,False,False,False,False,False,4.94
78,80,2022-10-13 00:00:00,481,equal,27197,2677,0,5,23,35,25,11,2,True,True,False,False,False,True,False,False,False,False,False,False,True,False,False,False,False,True,False,False,False,True,False,False,False,False,False,4.65
79,81,2022-10-12 00:00:00,480,ionic,29151,2947,0,2,13,25,28,21,11,False,False,False,True,False,False,False,False,False,True,False,False,False,False,True,True,False,False,False,False,False,False,False,False,False,False,False,3.21
80,82,2022-10-11 00:00:00,479,valid,28575,2752,0,4,28,38,21,8,1,True,True,False,False,True,False,False,False,False,True,False,False,True,False,False,False,False,False,False,False,False,False,True,False,False,False,False,4.38
81,83,2022-10-10 00:00:00,478,enjoy,26878,2654,0,3,12,29,33,20,3,False,False,False,False,False,True,False,False,False,False,True,False,False,False,True,True,False,False,False,False,False,False,False,False,False,True,False,5.09
82,84,2022-10-09 00:00:00,477,howdy,28408,2668,0,2,13,32,32,17,4,False,False,False,False,True,False,False,False,True,False,False,False,False,False,False,True,False,False,False,False,False,False,False,True,False,True,False,3.08
83,85,2022-10-08 00:00:00,476,vigor,26905,2642,0,2,15,35,31,14,2,False,False,False,False,False,False,False,True,False,True,False,False,False,False,False,True,False,False,True,False,False,False,True,False,False,False,False,3.03
84,86,2022-10-07 00:00:00,475,dandy,29026,2840,0,2,11,23,29,24,11,True,True,False,False,True,False,False,False,False,False,False,False,False,False,True,False,False,False,False,False,False,False,False,False,False,True,False,3.25
85,87,2022-10-06 00:00:00,474,sloth,32522,2987,1,10,38,34,13,3,0,False,False,False,False,False,False,False,False,True,False,False,False,True,False,False,True,False,False,False,True,True,False,False,False,False,False,False,3.1
86,88,2022-10-05 00:00:00,473,marsh,30935,2885,0,9,30,35,19,6,1,True,True,False,False,False,False,False,False,True,False,False,False,False,True,False,False,False,False,True,False,False,False,False,False,True,False,False,3.87
87,89,2022-10-04 00:00:00,472,bough,32014,3060,0,3,17,35,28,13,3,False,False,True,False,False,False,False,True,True,False,False,False,False,False,False,True,False,False,False,False,False,True,False,False,False,False,False,2.73
88,90,2022-10-03 00:00:00,471,sting,32288,2969,1,10,30,33,18,8,2,False,False,False,False,False,False,False,True,False,True,False,False,False,False,True,False,False,False,False,True,True,False,False,False,False,False,False,3.8
89,91,2022-10-02 00:00:00,470,twine,30088,2775,0,6,28,40,20,5,1,False,False,False,False,False,True,False,False,False,True,False,False,False,False,True,False,False,False,False,False,True,False,False,True,False,False,False,2.93
90,92,2022-10-01 00:00:00,469,leave,28202,2696,0,4,16,34,31,12,1,True,True,False,False,False,True,False,False,False,False,False,False,True,False,False,False,False,False,False,False,False,False,True,False,False,False,False,5.34
91,93,2022-09-30 00:00:00,468,scorn,31223,2859,0,8,31,35,20,6,1,False,False,False,True,False,False,False,False,False,False,False,False,False,False,True,True,False,False,True,True,False,False,False,False,False,False,False,3.13
92,94,2022-09-29 00:00:00,467,scald,30477,2829,0,4,23,36,24,11,2,True,True,False,True,True,False,False,False,False,False,False,False,True,False,False,False,False,False,False,True,False,False,False,False,False,False,False,2.17
93,95,2022-09-28 00:00:00,466,usurp,31355,3007,0,3,21,38,26,9,1,False,False,False,False,False,False,False,False,False,False,False,False,False,False,False,False,True,False,True,True,False,True,False,False,False,False,False,2.7
94,96,2022-09-27 00:00:00,465,soggy,30985,2888,0,2,18,38,28,11,2,False,False,False,False,False,False,False,True,False,False,False,False,False,False,False,True,False,False,False,True,False,False,False,False,False,True,False,3.14
95,97,2022-09-26 00:00:00,464,brisk,31706,2884,0,5,23,38,24,7,1,False,False,True,False,False,False,False,False,False,True,False,True,False,False,False,False,False,False,True,True,False,False,False,False,False,False,False,3.2
96,98,2022-09-25 00:00:00,463,admit,28994,2677,0,10,25,34,22,8,1,True,True,False,False,True,False,False,False,False,True,False,False,False,True,False,False,False,False,False,False,True,False,False,False,False,False,False,4.58
97,99,2022-09-24 00:00:00,462,grate,32777,3077,1,14,29,28,16,8,3,True,True,False,False,False,True,False,True,False,False,False,False,False,False,False,False,False,False,True,False,True,False,False,False,False,False,False,3.17
98,100,2022-09-23 00:00:00,461,glory,31509,2893,0,6,30,39,19,5,0,False,False,False,False,False,False,False,True,False,False,False,False,True,False,False,True,False,False,True,False,False,False,False,False,False,True,False,4.36
99,101,2022-09-22 00:00:00,460,saint,34455,3119,1,14,35,29,15,5,1,True,True,False,False,False,False,False,False,False,True,False,False,False,False,True,False,False,False,False,True,True,False,False,False,False,False,False,4.41
100,102,2022-09-21 00:00:00,459,recap,31976,2900,0,5,30,35,21,8,1,True,True,False,True,False,True,False,False,False,False,False,False,False,False,False,False,True,False,True,False,False,False,False,False,False,False,False,3.45
101,103,2022-09-20 00:00:00,458,alike,31277,2843,0,6,20,33,27,12,2,True,True,False,False,False,True,False,False,False,True,False,True,True,False,False,False,False,False,False,False,False,False,False,False,False,False,False,4.13
102,104,2022-09-19 00:00:00,457,trice,35050,3430,0,5,24,25,18,17,11,False,False,False,True,False,True,False,False,False,True,False,False,False,False,False,False,False,False,True,False,True,False,False,False,False,False,False,2.4
103,105,2022-09-18 00:00:00,456,stick,33102,3038,1,9,36,35,14,4,0,False,False,False,True,False,False,False,False,False,True,False,True,False,False,False,False,False,False,False,True,True,False,False,False,False,False,False,4.76
104,106,2022-09-17 00:00:00,455,chute,33418,3073,0,11,37,36,12,3,0,False,False,False,True,False,True,False,False,True,False,False,False,False,False,False,False,False,False,False,False,True,True,False,False,False,False,False,3.19
105,107,2022-09-16 00:00:00,454,parer,37309,4130,0,0,4,11,15,22,48,True,True,False,False,False,True,False,False,False,False,False,False,False,False,False,False,True,False,True,False,False,False,False,False,False,False,False,1.55
106,108,2022-09-15 00:00:00,453,doubt,33344,3011,1,12,32,34,16,4,0,False,False,True,False,True,False,False,False,False,False,False,False,False,False,False,True,False,False,False,False,True,True,False,False,False,False,False,4.9
107,109,2022-09-14 00:00:00,452,thyme,32142,2938,1,5,24,41,23,5,0,False,False,False,False,False,True,False,False,True,False,False,False,False,True,False,False,False,False,False,False,True,False,False,False,False,True,False,3.07
108,110,2022-09-13 00:00:00,451,alpha,29497,2706,0,3,19,40,28,9,1,True,True,False,False,False,False,False,False,True,False,False,False,True,False,False,False,True,False,False,False,False,False,False,False,False,False,False,4.25
109,111,2022-09-12 00:00:00,450,booze,29147,2883,0,1,7,27,38,23,4,False,False,True,False,False,True,False,False,False,False,False,False,False,False,False,True,False,False,False,False,False,False,False,False,False,False,True,3.65
110,112,2022-09-11 00:00:00,449,tibia,27887,2675,0,1,14,40,30,12,2,True,True,True,False,False,False,False,False,False,True,False,False,False,False,False,False,False,False,False,False,True,False,False,False,False,False,False,2.9
111,113,2022-09-10 00:00:00,448,lofty,29237,2777,0,4,19,34,27,13,3,False,False,False,False,False,False,True,False,False,False,False,False,True,False,False,True,False,False,False,False,True,False,False,False,False,True,False,3.34
112,114,2022-09-09 00:00:00,447,theme,32172,2909,0,8,29,40,18,4,0,False,False,False,False,False,True,False,False,True,False,False,False,False,True,False,False,False,False,False,False,True,False,False,False,False,False,False,4.62
113,115,2022-09-08 00:00:00,446,class,31962,3001,0,4,21,32,22,13,7,True,True,False,True,False,False,False,False,False,False,False,False,True,False,False,False,False,False,False,True,False,False,False,False,False,False,False,5.36
114,116,2022-09-07 00:00:00,445,leery,30992,2873,0,3,17,37,28,12,2,False,False,False,False,False,True,False,False,False,False,False,False,True,False,False,False,False,False,True,False,False,False,False,False,False,True,False,2.58
115,117,2022-09-06 00:00:00,444,taunt,32734,3022,0,4,19,27,21,16,13,True,True,False,False,False,False,False,False,False,False,False,False,False,False,True,False,False,False,False,False,True,True,False,False,False,False,False,2.96
116,118,2022-09-05 00:00:00,443,whoop,32733,2970,0,1,16,47,29,7,1,False,False,False,False,False,False,False,False,True,False,False,False,False,False,False,True,True,False,False,False,False,False,False,True,False,False,False,3.2
117,119,2022-09-04 00:00:00,442,inter,32018,2889,0,6,25,36,23,8,1,False,False,False,False,False,True,False,False,False,True,False,False,False,False,True,False,False,False,True,False,True,False,False,False,False,False,False,4.16
118,120,2022-09-03 00:00:00,441,gully,31191,2877,0,1,9,27,31,25,7,False,False,False,False,False,False,False,True,False,False,False,False,True,False,False,False,False,False,False,False,False,True,False,False,False,True,False,3.11
119,121,2022-09-02 00:00:00,440,charm,35724,3149,1,12,32,34,16,5,1,True,True,False,True,False,False,False,False,True,False,False,False,False,True,False,False,False,False,True,False,False,False,False,False,False,False,False,4.12
120,122,2022-09-01 00:00:00,439,fungi,31903,2928,0,2,18,41,28,9,1,False,False,False,False,False,False,True,True,False,True,False,False,False,False,True,False,False,False,False,False,False,True,False,False,False,False,False,3.48
121,123,2022-08-31 00:00:00,438,prize,35343,3166,0,5,12,20,32,26,5,False,False,False,False,False,True,False,False,False,True,False,False,False,False,False,False,True,False,True,False,False,False,False,False,False,False,True,4.59
122,124,2022-08-30 00:00:00,437,onset,33660,3009,0,4,29,40,21,6,1,False,False,False,False,False,True,False,False,False,False,False,False,False,False,True,True,False,False,False,True,True,False,False,False,False,False,False,3.72
123,125,2022-08-29 00:00:00,436,chief,34281,3072,1,6,32,38,18,5,0,False,False,False,True,False,True,True,False,True,True,False,False,False,False,False,False,False,False,False,False,False,False,False,False,False,False,False,5.11
124,126,2022-08-28 00:00:00,435,gauze,30214,2866,0,2,11,24,31,25,8,True,True,False,False,False,True,False,True,False,False,False,False,False,False,False,False,False,False,False,False,False,True,False,False,False,False,True,2.89
125,127,2022-08-27 00:00:00,434,ruder,31241,2784,0,2,16,33,29,16,4,False,False,False,False,True,True,False,False,False,False,False,False,False,False,False,False,False,False,True,False,False,True,False,False,False,False,False,2.13
126,128,2022-08-26 00:00:00,433,irony,34716,3046,0,6,29,34,21,8,1,False,False,False,False,False,False,False,False,False,True,False,False,False,False,True,True,False,False,True,False,False,False,False,False,False,True,False,3.86
127,129,2022-08-25 00:00:00,432,clown,36737,3175,1,8,29,36,20,6,1,False,False,False,True,False,False,False,False,False,False,False,False,True,False,True,True,False,False,False,False,False,False,False,True,False,False,False,3.93
128,130,2022-08-24 00:00:00,431,needy,33700,2927,0,2,21,41,26,9,1,False,False,False,False,True,True,False,False,False,False,False,False,False,False,True,False,False,False,False,False,False,False,False,False,False,True,False,3.58
129,131,2022-08-23 00:00:00,430,woven,33549,2933,0,2,13,32,32,17,3,False,False,False,False,False,True,False,False,False,False,False,False,False,False,True,True,False,False,False,False,False,False,True,True,False,False,False,3.56
130,132,2022-08-22 00:00:00,429,merit,35888,3123,0,7,33,37,17,5,0,False,False,False,False,False,True,False,False,False,True,False,False,False,True,False,False,False,False,True,False,True,False,False,False,False,False,False,4.08
131,133,2022-08-21 00:00:00,428,waste,35617,3186,1,7,19,27,24,17,5,True,True,False,False,False,True,False,False,False,False,False,False,False,False,False,False,False,False,False,True,True,False,False,True,False,False,False,4.81
132,134,2022-08-20 00:00:00,427,treat,38245,3249,1,22,32,26,14,5,1,True,True,False,False,False,True,False,False,False,False,False,False,False,False,False,False,False,False,True,False,True,False,False,False,False,False,False,4.75
133,135,2022-08-19 00:00:00,426,shrug,33965,2987,0,4,23,36,26,10,1,False,False,False,False,False,False,False,True,True,False,False,False,False,False,False,False,False,False,True,True,False,True,False,False,False,False,False,3.3
134,136,2022-08-18 00:00:00,425,twang,34938,3172,0,3,22,43,25,7,1,True,True,False,False,False,False,False,True,False,False,False,False,False,False,True,False,False,False,False,False,True,False,False,True,False,False,False,2.56
135,137,2022-08-17 00:00:00,424,twice,35815,3173,1,6,28,38,21,6,1,False,False,False,True,False,True,False,False,False,True,False,False,False,False,False,False,False,False,False,False,True,False,False,True,False,False,False,4.84
136,138,2022-08-16 00:00:00,423,gruel,35105,3087,0,3,19,39,29,9,1,False,False,False,False,False,True,False,True,False,False,False,False,True,False,False,False,False,False,True,False,False,True,False,False,False,False,False,2.44
137,139,2022-08-15 00:00:00,422,poker,35376,3180,0,4,17,30,27,17,5,False,False,False,False,False,True,False,False,False,False,False,True,False,False,False,True,True,False,True,False,False,False,False,False,False,False,False,3.97
138,140,2022-08-14 00:00:00,421,khaki,31652,2968,0,2,17,33,28,16,4,True,True,False,False,False,False,False,False,True,True,False,True,False,False,False,False,False,False,False,False,False,False,False,False,False,False,False,3.04
139,141,2022-08-13 00:00:00,420,hunky,35276,3185,0,1,11,33,25,22,7,False,False,False,False,False,False,False,False,True,False,False,True,False,False,True,False,False,False,False,False,False,True,False,False,False,True,False,2.72
140,142,2022-08-12 00:00:00,419,label,34198,3076,0,4,18,32,29,15,2,True,True,True,False,False,True,False,False,False,False,False,False,True,False,False,False,False,False,False,False,False,False,False,False,False,False,False,4.43
141,143,2022-08-11 00:00:00,418,glean,37301,3243,0,6,23,37,24,8,1,True,True,False,False,False,True,False,True,False,False,False,False,True,False,True,False,False,False,False,False,False,False,False,False,False,False,False,2.73
142,144,2022-08-10 00:00:00,417,cling,37654,3312,0,4,20,34,27,13,2,False,False,False,True,False,False,False,True,False,True,False,False,True,False,True,False,False,False,False,False,False,False,False,False,False,False,False,3.49
143,145,2022-08-09 00:00:00,416,patty,36223,3019,0,2,16,39,29,12,1,True,True,False,False,False,False,False,False,False,False,False,False,False,False,False,False,True,False,False,False,True,False,False,False,False,True,False,3.58
144,146,2022-08-08 00:00:00,415,unfit,35516,3187,0,3,24,38,25,9,1,False,False,False,False,False,False,True,False,False,True,False,False,False,False,True,False,False,False,False,False,True,True,False,False,False,False,False,3.52
145,147,2022-08-07 00:00:00,414,smear,36223,3190,0,2,16,39,29,12,2,True,True,False,False,False,True,False,False,False,False,False,False,False,True,False,False,False,False,True,True,False,False,False,False,False,False,False,3.46
146,148,2022-08-06 00:00:00,413,alien,38841,3395,3,17,31,29,15,4,0,True,True,False,False,False,True,False,False,False,True,False,False,True,False,True,False,False,False,False,False,False,False,False,False,False,False,False,4.29
147,149,2022-08-05 00:00:00,412,buggy,37350,3428,0,1,9,29,34,22,5,False,False,True,False,False,False,False,True,False,False,False,False,False,False,False,False,False,False,False,False,False,True,False,False,False,True,False,3.32
148,150,2022-08-04 00:00:00,411,rhyme,37229,3336,0,4,22,39,25,8,1,False,False,False,False,False,True,False,False,True,False,False,False,False,True,False,False,False,False,True,False,False,False,False,False,False,True,False,3.56
149,151,2022-08-03 00:00:00,410,youth,38381,3327,1,5,17,31,29,15,3,False,False,False,False,False,False,False,False,True,False,False,False,False,False,False,True,False,False,False,False,True,True,False,False,False,True,False,4.75
150,152,2022-08-02 00:00:00,409,coyly,34909,3380,0,0,4,17,28,35,15,False,False,False,True,False,False,False,False,False,False,False,False,True,False,False,True,False,False,False,False,False,False,False,False,False,True,False,2.08
151,153,2022-08-01 00:00:00,408,quart,36662,3303,0,5,20,33,27,13,2,True,True,False,False,False,False,False,False,False,False,False,False,False,False,False,False,False,True,True,False,True,True,False,False,False,False,False,3.01
152,154,2022-07-31 00:00:00,407,cramp,39250,3369,1,8,26,33,19,10,2,True,True,False,True,False,False,False,False,False,False,False,False,False,True,False,False,True,False,True,False,False,False,False,False,False,False,False,3.04
153,155,2022-07-30 00:00:00,406,bluff,37353,3171,0,2,14,42,31,10,1,False,False,True,False,False,False,True,False,False,False,False,False,True,False,False,False,False,False,False,False,False,True,False,False,False,False,False,3.58
154,156,2022-07-29 00:00:00,405,upset,37791,3213,0,5,30,38,20,6,1,False,False,False,False,False,True,False,False,False,False,False,False,False,False,False,False,True,False,False,True,True,True,False,False,False,False,False,4.61
155,157,2022-07-28 00:00:00,404,stomp,40650,3490,0,7,26,32,21,11,2,False,False,False,False,False,False,False,False,False,False,False,False,False,True,False,True,True,False,False,True,True,False,False,False,False,False,False,3.25
156,158,2022-07-27 00:00:00,403,motto,38384,3285,0,1,11,36,36,14,1,False,False,False,False,False,False,False,False,False,False,False,False,False,True,False,True,False,False,False,False,True,False,False,False,False,False,False,3.72
157,159,2022-07-26 00:00:00,402,cinch,39171,3507,0,2,15,24,22,25,13,False,False,False,True,False,False,False,False,True,True,False,False,False,False,True,False,False,False,False,False,False,False,False,False,False,False,False,2.65
158,160,2022-07-25 00:00:00,401,elope,39228,3339,0,4,22,32,26,13,2,False,False,False,False,False,True,False,False,False,False,False,False,True,False,False,True,True,False,False,False,False,False,False,False,False,False,False,2.5
159,161,2022-07-24 00:00:00,400,power,39813,3401,2,6,19,29,24,15,4,False,False,False,False,False,True,False,False,False,False,False,False,False,False,False,True,True,False,True,False,False,False,False,True,False,False,False,5.52
160,162,2022-07-23 00:00:00,399,midge,36769,3111,0,2,18,39,28,10,2,False,False,False,False,True,True,False,True,False,True,False,False,False,True,False,False,False,False,False,False,False,False,False,False,False,False,False,2.76
161,163,2022-07-22 00:00:00,398,tryst,43099,3665,0,3,26,41,23,6,1,False,False,False,False,False,False,False,False,False,False,False,False,False,False,False,False,False,False,True,True,True,False,False,False,False,True,False,2.56
162,164,2022-07-21 00:00:00,397,aphid,39086,3367,0,6,24,36,23,9,2,True,True,False,False,True,False,False,False,True,True,False,False,False,False,False,False,True,False,False,False,False,False,False,False,False,False,False,2.39
163,165,2022-07-20 00:00:00,396,trite,42237,3685,0,4,14,22,22,23,15,False,False,False,False,False,True,False,False,False,True,False,False,False,False,False,False,False,False,True,False,True,False,False,False,False,False,False,2.8
164,166,2022-07-19 00:00:00,395,angry,39667,3358,0,5,27,38,21,7,1,True,True,False,False,False,False,False,True,False,False,False,False,False,False,True,False,False,False,True,False,False,False,False,False,False,True,False,4.66
165,167,2022-07-18 00:00:00,394,flock,42574,3548,0,4,22,37,27,9,1,False,False,False,True,False,False,True,False,False,False,False,True,True,False,False,True,False,False,False,False,False,False,False,False,False,False,False,3.69
166,168,2022-07-17 00:00:00,393,wacky,39611,3345,0,3,18,39,27,10,2,True,True,False,True,False,False,False,False,False,False,False,True,False,False,False,False,False,False,False,False,False,False,False,True,False,True,False,3.29
167,169,2022-07-16 00:00:00,392,roomy,38769,3280,0,2,17,41,28,10,2,False,False,False,False,False,False,False,False,False,False,False,False,False,True,False,True,False,False,True,False,False,False,False,False,False,True,False,2.67
168,170,2022-07-15 00:00:00,391,wedge,39234,3353,0,2,11,32,37,17,2,False,False,False,False,True,True,False,True,False,False,False,False,False,False,False,False,False,False,False,False,False,False,False,True,False,False,False,3.62
169,171,2022-07-14 00:00:00,390,liver,40549,3388,0,4,16,26,25,20,8,False,False,False,False,False,True,False,False,False,True,False,False,True,False,False,False,False,False,True,False,False,False,True,False,False,False,False,4.18
170,172,2022-07-13 00:00:00,389,bland,46246,3727,0,7,31,38,18,4,0,True,True,True,False,True,False,False,False,False,False,False,False,True,False,True,False,False,False,False,False,False,False,False,False,False,False,False,3.5
171,173,2022-07-12 00:00:00,388,night,46910,3870,1,8,27,27,17,13,7,False,False,False,False,False,False,False,True,True,True,False,False,False,False,True,False,False,False,False,False,True,False,False,False,False,False,False,5.61
172,174,2022-07-11 00:00:00,387,madam,40545,3430,0,3,13,35,34,14,2,True,True,False,False,True,False,False,False,False,False,False,False,False,True,False,False,False,False,False,False,False,False,False,False,False,False,False,3.59
173,175,2022-07-10 00:00:00,386,berth,41785,3494,0,7,24,35,24,9,1,False,False,True,False,False,True,False,False,True,False,False,False,False,False,False,False,False,False,True,False,True,False,False,False,False,False,False,3.44
174,176,2022-07-09 00:00:00,385,stead,47094,3933,1,6,20,27,28,16,3,True,True,False,False,True,True,False,False,False,False,False,False,False,False,False,False,False,False,False,True,True,False,False,False,False,False,False,3.19
175,177,2022-07-08 00:00:00,384,voice,42806,3484,1,5,24,35,25,9,1,False,False,False,True,False,True,False,False,False,True,False,False,False,False,False,True,False,False,False,False,False,False,True,False,False,False,False,5.07
176,178,2022-07-07 00:00:00,383,agape,43407,3671,0,2,18,36,27,15,3,True,True,False,False,False,True,False,True,False,False,False,False,False,False,False,False,True,False,False,False,False,False,False,False,False,False,False,2.65
177,179,2022-07-06 00:00:00,382,fluff,47344,4049,0,0,4,25,44,23,4,False,False,False,False,False,False,True,False,False,False,False,False,True,False,False,False,False,False,False,False,False,True,False,False,False,False,False,3.2
178,180,2022-07-05 00:00:00,381,field,44578,3604,1,6,25,36,23,9,1,False,False,False,False,True,True,True,False,False,True,False,False,True,False,False,False,False,False,False,False,False,False,False,False,False,False,False,5.24
179,181,2022-07-04 00:00:00,380,sever,42645,3591,0,2,13,27,29,21,7,False,False,False,False,False,True,False,False,False,False,False,False,False,False,False,False,False,False,True,True,False,False,True,False,False,False,False,3.15
180,182,2022-07-03 00:00:00,379,lilac,40486,3461,0,2,17,38,29,12,1,True,True,False,True,False,False,False,False,False,True,False,False,True,False,False,False,False,False,False,False,False,False,False,False,False,False,False,3.11
181,183,2022-07-02 00:00:00,378,egret,41765,3515,0,3,14,33,33,15,2,False,False,False,False,False,True,False,True,False,False,False,False,False,False,False,False,False,False,True,False,True,False,False,False,False,False,False,2.32
182,184,2022-07-01 00:00:00,377,pinto,47248,3792,0,5,25,41,22,6,1,False,False,False,False,False,False,False,False,False,True,False,False,False,False,True,True,True,False,False,False,True,False,False,False,False,False,False,3.12
183,185,2022-06-30 00:00:00,376,hutch,44212,3758,0,1,12,28,28,21,9,False,False,False,True,False,False,False,False,True,False,False,False,False,False,False,False,False,False,False,False,True,True,False,False,False,False,False,3.04
184,186,2022-06-29 00:00:00,375,gawky,45645,3957,0,1,5,22,33,28,10,True,True,False,False,False,False,False,True,False,False,False,True,False,False,False,False,False,False,False,False,False,False,False,True,False,True,False,1.91
185,187,2022-06-28 00:00:00,374,droll,47312,3844,0,2,16,31,31,17,3,False,False,False,False,True,False,False,False,False,False,False,False,True,False,False,True,False,False,True,False,False,False,False,False,False,False,False,2.58
186,188,2022-06-27 00:00:00,373,retro,47986,3848,0,6,24,35,24,9,1,False,False,False,False,False,True,False,False,False,False,False,False,False,False,False,True,False,False,True,False,True,False,False,False,False,False,False,3.73
187,189,2022-06-26 00:00:00,372,rusty,50450,3954,0,9,37,34,13,5,1,False,False,False,False,False,False,False,False,False,False,False,False,False,False,False,False,False,False,True,True,True,True,False,False,False,True,False,3.61
188,190,2022-06-25 00:00:00,371,beady,46089,3670,0,3,19,39,29,10,1,True,True,True,False,True,True,False,False,False,False,False,False,False,False,False,False,False,False,False,False,False,False,False,False,False,True,False,2.48
189,191,2022-06-24 00:00:00,370,smite,50617,3991,0,6,23,35,24,11,2,False,False,False,False,False,True,False,False,False,True,False,False,False,True,False,False,False,False,False,True,True,False,False,False,False,False,False,2.93
190,192,2022-06-23 00:00:00,369,brink,53111,4118,0,4,22,41,24,7,1,False,False,True,False,False,False,False,False,False,True,False,True,False,False,True,False,False,False,True,False,False,False,False,False,False,False,False,3.51
191,193,2022-06-22 00:00:00,368,awful,47645,3861,0,5,21,33,27,12,2,True,True,False,False,False,False,True,False,False,False,False,False,True,False,False,False,False,False,False,False,False,True,False,True,False,False,False,4.46
192,194,2022-06-21 00:00:00,367,gloat,53342,4194,0,8,21,31,26,12,2,True,True,False,False,False,False,False,True,False,False,False,False,True,False,False,True,False,False,False,False,True,False,False,False,False,False,False,2.62
193,195,2022-06-20 00:00:00,366,input,50484,3950,0,5,30,38,21,6,1,False,False,False,False,False,False,False,False,False,True,False,False,False,False,True,False,True,False,False,False,True,True,False,False,False,False,False,4.35
194,196,2022-06-19 00:00:00,365,loser,55359,4399,1,10,28,32,19,8,2,False,False,False,False,False,True,False,False,False,False,False,False,True,False,False,True,False,False,True,True,False,False,False,False,False,False,False,4.01
195,197,2022-06-18 00:00:00,364,cacao,47205,4101,0,1,9,27,36,23,4,True,True,False,True,False,False,False,False,False,False,False,False,False,False,False,True,False,False,False,False,False,False,False,False,False,False,False,2.86
196,198,2022-06-17 00:00:00,363,blown,54665,4251,0,6,23,35,26,10,1,False,False,True,False,False,False,False,False,False,False,False,False,True,False,True,True,False,False,False,False,False,False,False,True,False,False,False,4.21
197,199,2022-06-16 00:00:00,362,apron,53430,4112,0,7,30,38,19,5,1,True,True,False,False,False,False,False,False,False,False,False,False,False,False,True,True,True,False,True,False,False,False,False,False,False,False,False,3.36
198,200,2022-06-15 00:00:00,361,primo,55989,4391,0,3,22,38,25,10,2,False,False,False,False,False,False,False,False,False,True,False,False,False,True,False,True,True,False,True,False,False,False,False,False,False,False,False,2.99
199,201,2022-06-14 00:00:00,360,atone,59968,4762,2,16,34,29,14,4,1,True,True,False,False,False,True,False,False,False,False,False,False,False,False,True,True,False,False,False,False,True,False,False,False,False,False,False,2.86
200,202,2022-06-13 00:00:00,359,donor,53802,4142,0,3,27,38,23,7,1,False,False,False,False,True,False,False,False,False,False,False,False,False,False,True,True,False,False,True,False,False,False,False,False,False,False,False,3.92
201,203,2022-06-12 00:00:00,358,float,56684,4323,1,12,30,32,18,6,1,True,True,False,False,False,False,True,False,False,False,False,False,True,False,False,True,False,False,False,False,True,False,False,False,False,False,False,3.94
202,204,2022-06-11 00:00:00,357,goose,51958,4087,0,2,12,28,32,21,5,False,False,False,False,False,True,False,True,False,False,False,False,False,False,False,True,False,False,False,True,False,False,False,False,False,False,False,3.84
203,205,2022-06-10 00:00:00,356,piety,55376,4324,0,4,25,41,22,7,1,False,False,False,False,False,True,False,False,False,True,False,False,False,False,False,False,True,False,False,False,True,False,False,False,False,True,False,3.09
204,206,2022-06-09 00:00:00,355,girth,60020,4665,0,6,23,33,23,12,3,False,False,False,False,False,False,False,True,True,True,False,False,False,False,False,False,False,False,True,False,True,False,False,False,False,False,False,2.92
205,207,2022-06-08 00:00:00,354,trait,61026,4607,0,6,22,35,24,11,2,True,True,False,False,False,False,False,False,False,True,False,False,False,False,False,False,False,False,True,False,True,False,False,False,False,False,False,3.69
206,208,2022-06-07 00:00:00,353,flood,58991,4440,0,3,20,40,28,8,1,False,False,False,False,True,False,True,False,False,False,False,False,True,False,False,True,False,False,False,False,False,False,False,False,False,False,False,4.34
207,209,2022-06-06 00:00:00,352,gloom,58478,4548,0,2,14,35,35,13,1,False,False,False,False,False,False,False,True,False,False,False,False,True,True,False,True,False,False,False,False,False,False,False,False,False,False,False,3.31
208,210,2022-06-05 00:00:00,351,depth,56738,4329,0,6,28,39,20,6,1,False,False,False,False,True,True,False,False,True,False,False,False,False,False,False,False,True,False,False,False,True,False,False,False,False,False,False,4.55
209,211,2022-06-04 00:00:00,350,froth,58263,4432,0,5,22,35,25,11,1,False,False,False,False,False,False,True,False,True,False,False,False,False,False,False,True,False,False,True,False,True,False,False,False,False,False,False,2.75
210,212,2022-06-03 00:00:00,349,peach,65431,4957,1,13,38,32,13,3,0,True,True,False,True,False,True,False,False,True,False,False,False,False,False,False,False,True,False,False,False,False,False,False,False,False,False,False,3.77
211,213,2022-06-02 00:00:00,348,showy,61278,4770,0,2,16,37,30,13,2,False,False,False,False,False,False,False,False,True,False,False,False,False,False,False,True,False,False,False,True,False,False,False,True,False,True,False,2.79
212,214,2022-06-01 00:00:00,347,creak,63241,4797,0,5,21,32,25,14,3,True,True,False,True,False,True,False,False,False,False,False,True,False,False,False,False,False,False,True,False,False,False,False,False,False,False,False,2.52
213,215,2022-05-31 00:00:00,346,manor,62768,4802,0,6,27,34,21,10,2,True,True,False,False,False,False,False,False,False,False,False,False,False,True,True,True,False,False,True,False,False,False,False,False,False,False,False,3.81
214,216,2022-05-30 00:00:00,345,atoll,60969,4741,0,6,28,36,21,8,1,True,True,False,False,False,False,False,False,False,False,False,False,True,False,False,True,False,False,False,False,True,False,False,False,False,False,False,2.85
215,217,2022-05-29 00:00:00,344,bayou,56839,4435,0,6,17,33,29,13,2,True,True,True,False,False,False,False,False,False,False,False,False,False,False,False,True,False,False,False,False,False,True,False,False,False,True,False,3.14
216,218,2022-05-28 00:00:00,343,crept,60069,4562,0,4,27,38,22,7,1,False,False,False,True,False,True,False,False,False,False,False,False,False,False,False,False,True,False,True,False,True,False,False,False,False,False,False,3.15
217,219,2022-05-27 00:00:00,342,tiara,63846,4842,0,8,36,33,17,6,1,True,True,False,False,False,False,False,False,False,True,False,False,False,False,False,False,False,False,True,False,True,False,False,False,False,False,False,2.98
218,220,2022-05-26 00:00:00,341,asset,63188,4733,0,7,28,34,21,8,1,True,True,False,False,False,True,False,False,False,False,False,False,False,False,False,False,False,False,False,True,True,False,False,False,False,False,False,4.23
219,221,2022-05-25 00:00:00,340,vouch,62723,4835,0,2,9,25,33,24,6,False,False,False,True,False,False,False,False,True,False,False,False,False,False,False,True,False,False,False,False,False,True,True,False,False,False,False,3.13
220,222,2022-05-24 00:00:00,339,album,63380,4809,0,5,26,35,24,9,1,True,True,True,False,False,False,False,False,False,False,False,False,True,True,False,False,False,False,False,False,False,True,False,False,False,False,False,5.02
221,223,2022-05-23 00:00:00,338,hinge,66431,4906,0,5,25,37,22,9,2,False,False,False,False,False,True,False,True,True,True,False,False,False,False,True,False,False,False,False,False,False,False,False,False,False,False,False,3.32
222,224,2022-05-22 00:00:00,337,money,67909,4928,1,7,26,36,21,8,1,False,False,False,False,False,True,False,False,False,False,False,False,False,True,True,True,False,False,False,False,False,False,False,False,False,True,False,5.64
223,225,2022-05-21 00:00:00,336,scrap,66814,4973,1,9,28,34,20,8,1,True,True,False,True,False,False,False,False,False,False,False,False,False,False,False,False,True,False,True,True,False,False,False,False,False,False,False,3.9
224,226,2022-05-20 00:00:00,335,gamer,69884,5238,1,4,17,28,26,18,6,True,True,False,False,False,True,False,True,False,False,False,False,False,True,False,False,False,False,True,False,False,False,False,False,False,False,False,3.62
225,227,2022-05-19 00:00:00,334,glass,70920,5162,0,4,19,33,27,14,3,True,True,False,False,False,False,False,True,False,False,False,False,True,False,False,False,False,False,False,True,False,False,False,False,False,False,False,4.85
226,228,2022-05-18 00:00:00,333,scour,73933,5544,0,8,34,35,17,5,1,False,False,False,True,False,False,False,False,False,False,False,False,False,False,False,True,False,False,True,True,False,True,False,False,False,False,False,2.97
227,229,2022-05-17 00:00:00,332,being,70722,5142,0,4,22,37,26,10,1,False,False,True,False,False,True,False,True,False,True,False,False,False,False,True,False,False,False,False,False,False,False,False,False,False,False,False,5.95
228,230,2022-05-16 00:00:00,331,delve,68349,5179,0,2,14,32,33,16,2,False,False,False,False,True,True,False,False,False,False,False,False,True,False,False,False,False,False,False,False,False,False,True,False,False,False,False,3.14
229,231,2022-05-15 00:00:00,330,yield,67115,4963,0,4,16,29,29,18,4,False,False,False,False,True,True,False,False,False,True,False,False,True,False,False,False,False,False,False,False,False,False,False,False,False,True,False,4.16
230,232,2022-05-14 00:00:00,329,metal,73225,5290,1,10,31,34,18,7,1,True,True,False,False,False,True,False,False,False,False,False,False,True,True,False,False,False,False,False,False,True,False,False,False,False,False,False,4.82
231,233,2022-05-13 00:00:00,328,tipsy,77585,5522,0,6,33,38,17,5,1,False,False,False,False,False,False,False,False,False,True,False,False,False,False,False,False,True,False,False,True,True,False,False,False,False,True,False,2.87
232,234,2022-05-12 00:00:00,327,slung,75673,5419,0,2,16,37,31,13,2,False,False,False,False,False,False,False,True,False,False,False,False,True,False,True,False,False,False,False,True,False,True,False,False,False,False,False,2.85
233,235,2022-05-11 00:00:00,326,farce,79446,5688,0,9,26,32,21,9,1,True,True,False,True,False,True,True,False,False,False,False,False,False,False,False,False,False,False,True,False,False,False,False,False,False,False,False,3.33
234,236,2022-05-10 00:00:00,325,gecko,74412,5489,0,2,16,38,29,12,2,False,False,False,True,False,True,False,True,False,False,False,True,False,False,False,True,False,False,False,False,False,False,False,False,False,False,False,2.91
235,237,2022-05-09 00:00:00,324,shine,88932,6146,1,14,32,30,17,6,1,False,False,False,False,False,True,False,False,True,True,False,False,False,False,True,False,False,False,False,True,False,False,False,False,False,False,False,4.17
236,238,2022-05-08 00:00:00,323,canny,72518,5256,0,2,10,30,34,20,4,True,True,False,True,False,False,False,False,False,False,False,False,False,False,True,False,False,False,False,False,False,False,False,False,False,True,False,2.89
237,239,2022-05-07 00:00:00,322,midst,74458,5233,0,3,25,39,24,9,1,False,False,False,False,True,False,False,False,False,True,False,False,False,True,False,False,False,False,False,True,True,False,False,False,False,False,False,3.89
238,240,2022-05-06 00:00:00,321,badge,76292,5482,0,4,20,35,26,12,2,True,True,True,False,True,True,False,True,False,False,False,False,False,False,False,False,False,False,False,False,False,False,False,False,False,False,False,4.02
239,241,2022-05-05 00:00:00,320,homer,85979,6313,0,3,16,26,24,19,12,False,False,False,False,False,True,False,False,True,False,False,False,False,True,False,True,False,False,True,False,False,False,False,False,False,False,False,3.89
240,242,2022-05-04 00:00:00,319,train,107750,7243,6,26,32,22,10,3,0,True,True,False,False,False,False,False,False,False,True,False,False,False,False,True,False,False,False,True,False,True,False,False,False,False,False,False,4.96
241,243,2022-05-03 00:00:00,318,hairy,85817,5941,1,8,24,33,23,10,1,True,True,False,False,False,False,False,False,True,True,False,False,False,False,False,False,False,False,True,False,False,False,False,False,False,True,False,3.8
242,244,2022-05-02 00:00:00,317,story,95643,6530,1,10,23,29,24,11,2,False,False,False,False,False,False,False,False,False,False,False,False,False,False,False,True,False,False,True,True,True,False,False,False,False,True,False,5.45
243,245,2022-05-01 00:00:00,316,forgo,77658,5699,0,1,9,26,37,23,3,False,False,False,False,False,False,True,True,False,False,False,False,False,False,False,True,False,False,True,False,False,False,False,False,False,False,False,2.99
244,246,2022-04-30 00:00:00,315,larva,77991,5749,0,2,10,25,35,23,4,True,True,False,False,False,False,False,False,False,False,False,False,True,False,False,False,False,False,True,False,False,False,True,False,False,False,False,2.99
245,247,2022-04-29 00:00:00,314,trash,106652,7001,2,19,34,27,13,4,1,True,True,False,False,False,False,False,False,True,False,False,False,False,False,False,False,False,False,False,True,True,False,False,False,False,False,False,4.42
246,248,2022-04-28 00:00:00,313,zesty,88974,6315,0,2,12,27,30,22,7,False,False,False,False,False,True,False,False,False,False,False,False,False,False,False,False,False,False,False,True,True,False,False,False,False,True,True,2.41
247,249,2022-04-27 00:00:00,312,shown,98967,6564,0,6,26,36,22,8,1,False,False,False,False,False,False,False,False,True,False,False,False,False,False,True,True,False,False,False,True,False,False,False,True,False,False,False,4.9
248,250,2022-04-26 00:00:00,311,heist,103153,6830,1,13,32,31,16,6,1,False,False,False,False,False,True,False,False,True,True,False,False,False,False,False,False,False,False,False,True,True,False,False,False,False,False,False,3.39
249,251,2022-04-25 00:00:00,310,askew,91548,6549,0,3,13,29,32,19,4,True,True,False,False,False,True,False,False,False,False,False,True,False,False,False,False,False,False,False,True,False,False,False,True,False,False,False,2.72
250,252,2022-04-24 00:00:00,309,inert,97452,6743,0,7,27,34,22,9,1,False,False,False,False,False,True,False,False,False,True,False,False,False,False,True,False,False,False,True,False,True,False,False,False,False,False,False,3.09
251,253,2022-04-23 00:00:00,308,olive,95562,6482,1,6,25,34,23,10,1,False,False,False,False,False,True,False,False,False,True,False,False,True,False,False,True,False,False,False,False,False,False,True,False,False,False,False,4.09
252,254,2022-04-22 00:00:00,307,plant,119232,7731,2,19,39,28,10,3,0,True,True,False,False,False,False,False,False,False,False,False,False,True,False,True,False,True,False,False,False,True,False,False,False,False,False,False,4.89
253,255,2022-04-21 00:00:00,306,oxide,97955,6960,0,2,11,30,33,21,4,False,False,False,False,True,True,False,False,False,True,False,False,False,False,False,True,False,False,False,False,False,False,False,False,True,False,False,3.66
254,256,2022-04-20 00:00:00,305,cargo,102007,6796,0,5,20,34,27,12,2,True,True,False,True,False,False,False,True,False,False,False,False,False,False,False,True,False,False,True,False,False,False,False,False,False,False,False,4.19
255,257,2022-04-19 00:00:00,304,foyer,108899,8198,0,2,10,19,19,23,26,False,False,False,False,False,True,True,False,False,False,False,False,False,False,False,True,False,False,True,False,False,False,False,False,False,True,False,3.09
256,258,2022-04-18 00:00:00,303,flair,112383,7341,1,8,30,36,18,6,1,True,True,False,False,False,False,True,False,False,True,False,False,True,False,False,False,False,False,True,False,False,False,False,False,False,False,False,3.54
257,259,2022-04-17 00:00:00,302,ample,106681,7008,0,4,20,35,27,11,2,True,True,False,False,False,True,False,False,False,False,False,False,True,True,False,False,True,False,False,False,False,False,False,False,False,False,False,3.71
258,260,2022-04-16 00:00:00,301,cheek,107987,7035,0,3,19,40,28,9,1,False,False,False,True,False,True,False,False,True,False,False,True,False,False,False,False,False,False,False,False,False,False,False,False,False,False,False,3.96
259,261,2022-04-15 00:00:00,300,shame,129991,8522,1,11,22,25,21,15,5,True,True,False,False,False,True,False,False,True,False,False,False,False,True,False,False,False,False,False,True,False,False,False,False,False,False,False,4.55
260,262,2022-04-14 00:00:00,299,mince,113448,7356,0,6,24,35,24,10,1,False,False,False,True,False,True,False,False,False,True,False,False,False,True,True,False,False,False,False,False,False,False,False,False,False,False,False,3.02
261,263,2022-04-13 00:00:00,298,chunk,123255,7835,1,4,29,42,18,5,1,False,False,False,True,False,False,False,False,True,False,False,True,False,False,True,False,False,False,False,False,False,True,False,False,False,False,False,3.64
262,264,2022-04-12 00:00:00,297,royal,114907,7275,1,5,24,36,23,9,1,True,True,False,False,False,False,False,False,False,False,False,False,True,False,False,True,False,False,True,False,False,False,False,False,False,True,False,4.85
263,265,2022-04-11 00:00:00,296,squad,109828,7236,0,3,20,33,27,14,2,True,True,False,False,True,False,False,False,False,False,False,False,False,False,False,False,False,True,False,True,False,True,False,False,False,False,False,4.67
264,266,2022-04-10 00:00:00,295,black,126241,7894,1,10,31,34,18,6,1,True,True,True,True,False,False,False,False,False,False,False,True,True,False,False,False,False,False,False,False,False,False,False,False,False,False,False,5.46
265,267,2022-04-09 00:00:00,294,stair,134210,8537,2,21,36,26,11,4,1,True,True,False,False,False,False,False,False,False,True,False,False,False,False,False,False,False,False,True,True,True,False,False,False,False,False,False,3.26
266,268,2022-04-08 00:00:00,293,scare,141158,9010,1,12,23,26,21,13,4,True,True,False,True,False,True,False,False,False,False,False,False,False,False,False,False,False,False,True,True,False,False,False,False,False,False,False,4.07
267,269,2022-04-07 00:00:00,292,foray,117761,7575,0,2,14,31,31,19,4,True,True,False,False,False,False,True,False,False,False,False,False,False,False,False,True,False,False,True,False,False,False,False,False,False,True,False,3.04
268,270,2022-04-06 00:00:00,291,comma,117856,7560,0,2,13,33,33,17,3,True,True,False,True,False,False,False,False,False,False,False,False,False,True,False,True,False,False,False,False,False,False,False,False,False,False,False,3.27
269,271,2022-04-05 00:00:00,290,natal,121356,7702,0,2,14,32,32,17,3,True,True,False,False,False,False,False,False,False,False,False,False,True,False,True,False,False,False,False,False,True,False,False,False,False,False,False,3.41
270,272,2022-04-04 00:00:00,289,shawl,129651,7943,0,3,16,31,30,16,3,True,True,False,False,False,False,False,False,True,False,False,False,True,False,False,False,False,False,False,True,False,False,False,True,False,False,False,3.17
271,273,2022-04-03 00:00:00,288,fewer,124532,7931,0,2,10,24,32,26,6,False,False,False,False,False,True,True,False,False,False,False,False,False,False,False,False,False,False,True,False,False,False,False,True,False,False,False,4.31
272,274,2022-04-02 00:00:00,287,trope,155079,9315,1,16,33,28,15,6,1,False,False,False,False,False,True,False,False,False,False,False,False,False,False,False,True,True,False,True,False,True,False,False,False,False,False,False,3.1
273,275,2022-04-01 00:00:00,286,snout,144648,8913,1,4,19,27,26,18,5,False,False,False,False,False,False,False,False,False,False,False,False,False,False,True,True,False,False,False,True,True,True,False,False,False,False,False,3.08
274,276,2022-03-31 00:00:00,285,lowly,135219,8469,0,2,9,26,32,24,8,False,False,False,False,False,False,False,False,False,False,False,False,True,False,False,True,False,False,False,False,False,False,False,True,False,True,False,3.27
275,277,2022-03-30 00:00:00,284,stove,158139,9318,0,5,16,24,27,21,6,False,False,False,False,False,True,False,False,False,False,False,False,False,False,False,True,False,False,False,True,True,False,True,False,False,False,False,3.71
276,278,2022-03-29 00:00:00,283,shall,149070,8494,0,3,17,30,28,17,4,True,True,False,False,False,False,False,False,True,False,False,False,True,False,False,False,False,False,False,True,False,False,False,False,False,False,False,5.03
277,279,2022-03-28 00:00:00,282,found,173696,10613,1,6,17,22,20,21,14,False,False,False,False,True,False,True,False,False,False,False,False,False,False,True,True,False,False,False,False,False,True,False,False,False,False,False,5.68
278,280,2022-03-27 00:00:00,281,nymph,165468,9935,1,2,18,44,26,26,9,False,False,False,False,False,False,False,False,True,False,False,False,False,True,True,False,True,False,False,False,False,False,False,False,False,True,False,2.87
279,281,2022-03-26 00:00:00,280,epoxy,149507,9376,0,2,13,31,33,18,3,False,False,False,False,False,True,False,False,False,False,False,False,False,False,False,True,True,False,False,False,False,False,False,False,True,True,False,3.1
280,282,2022-03-25 00:00:00,279,depot,150197,8562,0,5,29,36,20,7,1,False,False,False,False,True,True,False,False,False,False,False,False,False,False,False,True,True,False,False,False,True,False,False,False,False,False,False,3.95
281,283,2022-03-24 00:00:00,278,chest,169066,9318,1,14,35,31,14,5,1,False,False,False,True,False,True,False,False,True,False,False,False,False,False,False,False,False,False,False,True,True,False,False,False,False,False,False,4.52
282,284,2022-03-23 00:00:00,277,purge,156785,8555,1,4,22,35,26,11,2,False,False,False,False,False,True,False,True,False,False,False,False,False,False,False,False,True,False,True,False,False,True,False,False,False,False,False,3.57
283,285,2022-03-22 00:00:00,276,slosh,160161,8807,0,2,19,36,27,13,2,False,False,False,False,False,False,False,False,True,False,False,False,True,False,False,True,False,False,False,True,False,False,False,False,False,False,False,2.1
284,286,2022-03-21 00:00:00,275,their,173636,9200,2,14,36,30,13,4,0,False,False,False,False,False,True,False,False,True,True,False,False,False,False,False,False,False,False,True,False,True,False,False,False,False,False,False,6.33
285,287,2022-03-20 00:00:00,274,renew,154987,8417,0,4,20,33,27,13,2,False,False,False,False,False,True,False,False,False,False,False,False,False,False,True,False,False,False,True,False,False,False,False,True,False,False,False,3.73
286,288,2022-03-19 00:00:00,273,allow,156311,8515,0,5,21,32,26,14,3,True,True,False,False,False,False,False,False,False,False,False,False,True,False,False,True,False,False,False,False,False,False,False,True,False,False,False,5.01
287,289,2022-03-18 00:00:00,272,saute,179830,9304,1,8,31,34,19,6,1,True,True,False,False,False,True,False,False,False,False,False,False,False,False,False,False,False,False,False,True,True,True,False,False,False,False,False,2.46
288,290,2022-03-17 00:00:00,271,movie,169071,8847,1,5,18,30,26,16,3,False,False,False,False,False,True,False,False,False,True,False,False,False,True,False,True,False,False,False,False,False,False,True,False,False,False,False,5.16
289,291,2022-03-16 00:00:00,270,cater,217856,11234,1,7,19,22,19,18,15,True,True,False,True,False,True,False,False,False,False,False,False,False,False,False,False,False,False,True,False,True,False,False,False,False,False,False,3.55
290,292,2022-03-15 00:00:00,269,tease,202855,10024,1,16,32,30,16,6,1,True,True,False,False,False,True,False,False,False,False,False,False,False,False,False,False,False,False,False,True,True,False,False,False,False,False,False,3.59
291,293,2022-03-14 00:00:00,268,smelt,185406,9373,0,5,19,33,28,13,2,False,False,False,False,False,True,False,False,False,False,False,False,True,True,False,False,False,False,False,True,True,False,False,False,False,False,False,2.99
292,294,2022-03-13 00:00:00,267,focus,179436,8937,1,4,23,36,24,10,1,False,False,False,True,False,False,True,False,False,False,False,False,False,False,False,True,False,False,False,True,False,True,False,False,False,False,False,5.0
293,295,2022-03-12 00:00:00,266,today,192049,9353,1,7,29,35,20,7,1,True,True,False,False,True,False,False,False,False,False,False,False,False,False,False,True,False,False,False,False,True,False,False,False,False,True,False,5.55
294,296,2022-03-11 00:00:00,265,watch,226349,12400,1,6,14,18,17,24,20,True,True,False,True,False,False,False,False,True,False,False,False,False,False,False,False,False,False,False,False,True,False,False,True,False,False,False,5.34
295,297,2022-03-10 00:00:00,264,lapse,208884,9960,0,8,31,34,19,7,1,True,True,False,False,False,True,False,False,False,False,False,False,True,False,False,False,True,False,False,True,False,False,False,False,False,False,False,3.49
296,298,2022-03-09 00:00:00,263,month,201799,9435,1,5,26,37,22,8,1,False,False,False,False,False,False,False,False,True,False,False,False,False,True,True,True,False,False,False,False,True,False,False,False,False,False,False,5.25
297,299,2022-03-08 00:00:00,262,sweet,207473,9767,1,5,18,31,28,15,2,False,False,False,False,False,True,False,False,False,False,False,False,False,False,False,False,False,False,False,True,True,False,False,True,False,False,False,4.91
298,300,2022-03-07 00:00:00,261,hoard,218595,9823,1,9,30,34,19,7,1,True,True,False,False,True,False,False,False,True,False,False,False,False,False,False,True,False,False,True,False,False,False,False,False,False,False,False,3.23
299,301,2022-03-06 00:00:00,260,cloth,218595,9911,1,8,33,34,17,7,1,False,False,False,True,False,False,False,False,True,False,False,False,True,False,False,True,False,False,False,False,True,False,False,False,False,False,False,4.03
300,302,2022-03-05 00:00:00,259,brine,229895,10405,1,9,25,29,22,12,3,False,False,True,False,False,True,False,False,False,True,False,False,False,False,True,False,False,False,True,False,False,False,False,False,False,False,False,3.07
301,303,2022-03-04 00:00:00,258,ahead,203730,9396,1,5,20,35,26,12,2,True,True,False,False,True,True,False,False,True,False,False,False,False,False,False,False,False,False,False,False,False,False,False,False,False,False,False,5.01
302,304,2022-03-03 00:00:00,257,mourn,240018,10465,1,8,29,34,19,8,1,False,False,False,False,False,False,False,False,False,False,False,False,False,True,True,True,False,False,True,False,False,True,False,False,False,False,False,3.43
303,305,2022-03-02 00:00:00,256,nasty,257304,10813,1,7,26,31,21,11,2,True,True,False,False,False,False,False,False,False,False,False,False,False,False,True,False,False,False,False,True,True,False,False,False,False,True,False,4.22
304,306,2022-03-01 00:00:00,255,rupee,240137,10577,1,2,17,35,30,13,2,False,False,False,False,False,True,False,False,False,False,False,False,False,False,False,False,True,False,True,False,False,True,False,False,False,False,False,3.04
305,307,2022-02-28 00:00:00,254,choke,251094,10521,1,8,30,36,18,6,1,False,False,False,True,False,True,False,False,True,False,False,True,False,False,False,True,False,False,False,False,False,False,False,False,False,False,False,3.72
306,308,2022-02-27 00:00:00,253,chant,250413,10438,1,9,33,33,16,7,1,True,True,False,True,False,False,False,False,True,False,False,False,False,False,True,False,False,False,False,False,True,False,False,False,False,False,False,3.6
307,309,2022-02-26 00:00:00,252,spill,248363,10087,1,5,26,34,22,10,2,False,False,False,False,False,False,False,False,False,True,False,False,True,False,False,False,True,False,False,True,False,False,False,False,False,False,False,3.84
308,310,2022-02-25 00:00:00,251,vivid,255907,11687,1,2,10,29,33,21,4,False,False,False,False,True,False,False,False,False,True,False,False,False,False,False,False,False,False,False,False,False,False,True,False,False,False,False,3.75
309,311,2022-02-24 00:00:00,250,bloke,250674,10405,1,6,21,32,25,12,2,False,False,True,False,False,True,False,False,False,False,False,True,True,False,False,True,False,False,False,False,False,False,False,False,False,False,False,3.55
310,312,2022-02-23 00:00:00,249,trove,277576,11411,1,5,16,24,25,22,8,False,False,False,False,False,True,False,False,False,False,False,False,False,False,False,True,False,False,True,False,True,False,True,False,False,False,False,3.04
311,313,2022-02-22 00:00:00,248,thorn,306356,11814,1,14,38,30,12,4,0,False,False,False,False,False,False,False,False,True,False,False,False,False,False,True,True,False,False,True,False,True,False,False,False,False,False,False,3.48
312,314,2022-02-21 00:00:00,247,other,278731,10887,1,9,26,30,21,10,2,False,False,False,False,False,True,False,False,True,False,False,False,False,False,False,True,False,False,True,False,True,False,False,False,False,False,False,6.16
313,315,2022-02-20 00:00:00,246,tacit,273306,11094,1,4,21,32,26,14,3,True,True,False,True,False,False,False,False,False,True,False,False,False,False,False,False,False,False,False,False,True,False,False,False,False,False,False,2.94
314,316,2022-02-19 00:00:00,245,swill,282327,11241,1,1,8,19,31,30,10,False,False,False,False,False,False,False,False,False,True,False,False,True,False,False,False,False,False,False,True,False,False,False,True,False,False,False,2.32
315,317,2022-02-18 00:00:00,244,dodge,265238,10220,1,3,15,29,27,19,7,False,False,False,False,True,True,False,True,False,False,False,False,False,False,False,True,False,False,False,False,False,False,False,False,False,False,False,3.93
316,318,2022-02-17 00:00:00,243,shake,342003,12767,1,6,16,23,24,21,9,True,True,False,False,False,True,False,False,True,False,False,True,False,False,False,False,False,False,False,True,False,False,False,False,False,False,False,4.33
317,319,2022-02-16 00:00:00,242,caulk,289721,10740,1,4,20,31,26,15,3,True,True,False,True,False,False,False,False,False,False,False,True,True,False,False,False,False,False,False,False,False,True,False,False,False,False,False,2.29
318,320,2022-02-15 00:00:00,241,aroma,287836,10343,1,6,25,33,22,11,2,True,True,False,False,False,False,False,False,False,False,False,False,False,True,False,True,False,False,True,False,False,False,False,False,False,False,False,3.23
319,321,2022-02-14 00:00:00,240,cynic,261521,10343,1,6,25,33,22,11,2,False,False,False,True,False,False,False,False,False,True,False,False,False,False,True,False,False,False,False,False,False,False,False,False,False,True,False,2.81
320,322,2022-02-13 00:00:00,239,robin,277471,3249,1,6,29,34,21,8,1,False,False,True,False,False,False,False,False,False,True,False,False,False,False,True,True,False,False,True,False,False,False,False,False,False,False,False,4.33
321,323,2022-02-12 00:00:00,238,ultra,269885,9310,1,7,23,34,24,10,1,True,True,False,False,False,False,False,False,False,False,False,False,True,False,False,False,False,False,True,False,True,True,False,False,False,False,False,4.23
322,324,2022-02-11 00:00:00,237,ulcer,278826,10631,1,4,18,30,28,16,3,False,False,False,True,False,True,False,False,False,False,False,False,True,False,False,False,False,False,True,False,False,True,False,False,False,False,False,3.03
323,325,2022-02-10 00:00:00,236,pause,304830,13480,1,8,26,32,21,10,2,True,True,False,False,False,True,False,False,False,False,False,False,False,False,False,False,True,False,False,True,False,True,False,False,False,False,False,4.0
324,326,2022-02-09 00:00:00,235,humor,305372,13846,1,5,22,34,25,11,2,False,False,False,False,False,False,False,False,True,False,False,False,False,True,False,True,False,False,True,False,False,True,False,False,False,False,False,4.19
325,327,2022-02-08 00:00:00,234,frame,336236,15369,1,10,20,24,24,17,3,True,True,False,False,False,True,True,False,False,False,False,False,False,True,False,False,False,False,True,False,False,False,False,False,False,False,False,4.58
326,328,2022-02-07 00:00:00,233,elder,288228,13340,1,3,13,24,30,24,5,False,False,False,False,True,True,False,False,False,False,False,False,True,False,False,False,False,False,True,False,False,False,False,False,False,False,False,4.06
327,329,2022-02-06 00:00:00,232,skill,311018,13716,1,3,17,33,27,16,3,False,False,False,False,False,False,False,False,False,True,False,True,True,False,False,False,False,False,False,True,False,False,False,False,False,False,False,4.42
328,330,2022-02-05 00:00:00,231,aloft,319698,13708,1,4,22,36,25,11,2,True,True,False,False,False,False,True,False,False,False,False,False,True,False,False,True,False,False,False,False,True,False,False,False,False,False,False,3.08
329,331,2022-02-04 00:00:00,230,pleat,359679,14813,1,10,28,31,19,9,2,True,True,False,False,False,True,False,False,False,False,False,False,True,False,False,False,True,False,False,False,True,False,False,False,False,False,False,2.19
330,332,2022-02-03 00:00:00,229,shard,358176,14609,1,7,22,28,25,14,4,True,True,False,False,True,False,False,False,True,False,False,False,False,False,False,False,False,False,True,True,False,False,False,False,False,False,False,3.0
331,333,2022-02-02 00:00:00,228,moist,361908,14205,3,13,32,29,16,7,1,False,False,False,False,False,False,False,False,False,True,False,False,False,True,False,True,False,False,False,True,True,False,False,False,False,False,False,3.69
332,334,2022-02-01 00:00:00,227,those,351663,13606,1,13,34,30,15,6,1,False,False,False,False,False,True,False,False,True,False,False,False,False,False,False,True,False,False,False,True,True,False,False,False,False,False,False,5.9
333,335,2022-01-31 00:00:00,226,light,341314,13347,1,10,25,27,19,12,5,False,False,False,False,False,False,False,True,True,True,False,False,True,False,False,False,False,False,False,False,True,False,False,False,False,False,False,5.33
334,336,2022-01-30 00:00:00,225,wrung,294687,11524,0,2,18,39,27,12,2,False,False,False,False,False,False,False,True,False,False,False,False,False,False,True,False,False,False,True,False,False,True,False,True,False,False,False,2.36
335,337,2022-01-29 00:00:00,224,could,313220,11592,1,7,29,35,20,8,1,False,False,False,True,True,False,False,False,False,False,False,False,True,False,False,True,False,False,False,False,False,True,False,False,False,False,False,6.06
336,338,2022-01-28 00:00:00,223,perky,296968,11148,1,4,17,30,27,17,4,False,False,False,False,False,True,False,False,False,False,False,True,False,False,False,False,True,False,True,False,False,False,False,False,False,True,False,2.95
337,339,2022-01-27 00:00:00,222,mount,331844,11451,1,9,29,33,19,7,1,False,False,False,False,False,False,False,False,False,False,False,False,False,True,True,True,False,False,False,False,True,True,False,False,False,False,False,4.47
338,340,2022-01-26 00:00:00,221,whack,302348,10163,1,4,22,37,24,10,2,True,True,False,True,False,False,False,False,True,False,False,True,False,False,False,False,False,False,False,False,False,False,False,True,False,False,False,3.43
339,341,2022-01-25 00:00:00,220,sugar,276404,8708,1,6,25,34,23,9,1,True,True,False,False,False,False,False,True,False,False,False,False,False,False,False,False,False,False,True,True,False,True,False,False,False,False,False,4.68
340,342,2022-01-24 00:00:00,219,knoll,258038,8317,1,1,11,29,33,21,4,False,False,False,False,False,False,False,False,False,False,False,True,True,False,True,True,False,False,False,False,False,False,False,False,False,False,False,2.9
341,343,2022-01-23 00:00:00,218,crimp,269929,7630,1,5,28,38,20,7,1,False,False,False,True,False,False,False,False,False,True,False,False,False,True,False,False,True,False,True,False,False,False,False,False,False,False,False,2.61
342,344,2022-01-22 00:00:00,217,wince,241489,6850,1,3,17,33,29,15,3,False,False,False,True,False,True,False,False,False,True,False,False,False,False,True,False,False,False,False,False,False,False,False,True,False,False,False,2.61
343,345,2022-01-21 00:00:00,216,prick,273727,7409,1,8,30,33,19,7,1,False,False,False,True,False,False,False,False,False,True,False,True,False,False,False,False,True,False,True,False,False,False,False,False,False,False,False,3.6
344,346,2022-01-20 00:00:00,215,robot,243964,6589,1,8,29,34,20,8,1,False,False,True,False,False,False,False,False,False,False,False,False,False,False,False,True,False,False,True,False,True,False,False,False,False,False,False,4.24
345,347,2022-01-19 00:00:00,214,point,280622,7094,1,16,37,28,12,4,1,False,False,False,False,False,False,False,False,False,True,False,False,False,False,True,True,True,False,False,False,True,False,False,False,False,False,False,5.54
346,348,2022-01-18 00:00:00,213,proxy,220950,6206,1,2,11,24,31,26,6,False,False,False,False,False,False,False,False,False,False,False,False,False,False,False,True,True,False,True,False,False,False,False,False,True,True,False,3.73
347,349,2022-01-17 00:00:00,212,shire,222197,5640,1,8,32,32,18,8,2,False,False,False,False,False,True,False,False,True,True,False,False,False,False,False,False,False,False,True,True,False,False,False,False,False,False,False,3.47
348,350,2022-01-16 00:00:00,211,solar,209609,4955,1,9,32,32,18,7,1,True,True,False,False,False,False,False,False,False,False,False,False,True,False,False,True,False,False,True,True,False,False,False,False,False,False,False,4.53
349,351,2022-01-15 00:00:00,210,panic,205880,4655,1,9,35,34,16,5,1,True,True,False,True,False,False,False,False,False,True,False,False,False,False,True,False,True,False,False,False,False,False,False,False,False,False,False,4.26
350,352,2022-01-14 00:00:00,209,tangy,169484,3985,1,4,21,30,24,15,5,True,True,False,False,False,False,False,True,False,False,False,False,False,False,True,False,False,False,False,False,True,False,False,False,False,True,False,2.64
351,353,2022-01-13 00:00:00,208,abbey,132726,3345,1,2,13,29,31,20,3,True,True,True,False,False,True,False,False,False,False,False,False,False,False,False,False,False,False,False,False,False,False,False,False,False,True,False,3.88
352,354,2022-01-12 00:00:00,207,favor,137586,3073,1,4,15,26,29,21,4,True,True,False,False,False,False,True,False,False,False,False,False,False,False,False,True,False,False,True,False,False,False,True,False,False,False,False,4.58
353,355,2022-01-11 00:00:00,206,drink,153880,3017,1,9,35,34,16,5,1,False,False,False,False,True,False,False,False,False,True,False,True,False,False,True,False,False,False,True,False,False,False,False,False,False,False,False,4.9
354,356,2022-01-10 00:00:00,205,query,107134,2242,1,4,16,30,30,17,2,False,False,False,False,False,True,False,False,False,False,False,False,False,False,False,False,False,True,True,False,False,True,False,False,False,True,False,3.64
355,357,2022-01-09 00:00:00,204,gorge,91477,1913,1,3,13,27,30,22,4,False,False,False,False,False,True,False,True,False,False,False,False,False,False,False,True,False,False,True,False,False,False,False,False,False,False,False,3.4
356,358,2022-01-08 00:00:00,203,crank,101503,1763,1,5,23,31,24,14,2,True,True,False,True,False,False,False,False,False,False,False,True,False,False,True,False,False,False,True,False,False,False,False,False,False,False,False,3.61
357,359,2022-01-07 00:00:00,202,slump,80630,1362,1,3,23,39,24,9,1,False,False,False,False,False,False,False,False,False,False,False,False,True,True,False,False,True,False,False,True,False,True,False,False,False,False,False,3.36
